year,dc,dd,rm,log_pd,rf
1930,-0.0529997076189197,-0.0030059267166164805,-0.24022901030766963,2.757462111434299,0.01154373171788999
1931,-0.023745688168885337,-0.14696656245389605,-0.38729644276051134,2.3531959037035275,0.03430032489331038
1932,-0.08823525074729588,-0.40051761354841875,0.028148399966343662,2.712657526089505,0.0511952124405293
1933,-0.02137980956972818,-0.21753577503954658,0.5589446358394095,3.3320319411127763,0.054646896166357914
1934,0.061669875784632566,0.12924492082313366,0.018745444266811795,3.1803802118403577,-0.009625035332135679
1935,0.04163859411501036,0.0701905589882661,0.40973231763904416,3.412522369978461,-0.01273330429404023
1936,0.0857902514899731,0.4188001558410239,0.3070654184532722,3.218000216926876,-0.022961805492695116
1937,0.025225089964024505,0.07150768104239846,-0.3653338283686567,2.6369080959691162,-0.010103820610423416
1938,-0.0006505566675425456,-0.4264487793363132,0.323399441363462,3.300525099037793,-0.023388064722366438
1939,0.03439551327017121,0.17805781410937271,0.01843389977545451,3.0930623414373413,0.009464063230295923
1940,0.03227392517768379,0.11396367182498146,-0.08346271620339973,2.8336217473011773,-0.0068070248750692515
1941,0.04846586348206827,-0.004891371394359467,-0.18172132764613758,2.568084838919402,-0.017606006057059465
1942,0.008353247491978522,-0.22350686530145358,0.07044005722507629,2.7916771034074936,-0.05859002571782373
1943,0.0162903591464314,-0.02038443489575892,0.24526865723221314,2.9803499322733704,-0.053529971900169074
1944,0.020513776011096496,0.042836914840262086,0.18467390632142733,3.057245671866214,-0.018950359269819625
1945,0.046331813874889605,-0.008109680246983775,0.3613533182446502,3.3333557909073583,-0.01717432887682554
1946,0.0608934459261512,-0.060505968574798175,-0.20846389581094316,3.1192502812355127,-0.015678203526734047
1947,-0.021731012996156096,0.10754061194933628,-0.05142654775011779,2.9034182611257013,-0.10288949901790483
1948,-0.0032600992691236286,0.09875452618917269,-0.0075066416134716984,2.7344479141977347,-0.04899178108923461
1949,0.0006224768379698986,0.0989590272514771,0.22706416805720075,2.7713188591035,-0.013605597592647872
1950,0.019811680638296636,0.15178868026775838,0.23150952074512743,2.7585097780871686,0.01460207366352799
1951,0.013283716965243997,-0.07941464499660689,0.13966526405816682,2.9118478225622337,-0.026883940555824454
1952,0.02231249749822517,0.004490573066223691,0.12610400165709423,2.972372061624929,-0.025066852891849838
1953,0.01772657064691785,0.016100176409036493,-0.004086837072139082,2.896759705587628,0.007783295044729768
1954,0.004963772019490165,0.06577421180390775,0.5160978660638833,3.1991310789467167,-0.0020752622340893413
1955,0.03237191481302126,0.10924589496813741,0.24817186438612326,3.2708008888611424,0.010548855122134297
1956,0.021490955990696392,0.04365629133018745,0.05570287895929371,3.2418321945778064,0.013267123120699303
1957,0.007169501091786046,0.005650556887945912,-0.1289828251661822,3.0557038390056586,0.008170436326190186
1958,0.003716408000991933,-0.051535897065134284,0.42221063558912597,3.420654537439015,-0.006224102130078828
1959,0.02885831880093015,0.026137107264416093,0.10692842059674224,3.4638374770551152,0.012644092156810654
1960,0.004634251945036638,0.014251372478103708,-0.0009060763683911288,3.414508107278422,0.01493112684863775
1961,0.009885184531009727,0.024803954902901104,0.2606138349652194,3.5921583554673817,0.006606223080210046
1962,0.0212220299966539,0.039194311702122286,-0.11441031142135427,3.397683668035744,0.01331305388619564
1963,0.015022163362031549,0.04101733466713009,0.18892281810183875,3.4978774587038584,0.012807856459989877
1964,0.0368540788185463,0.07170696680687327,0.15194520505883768,3.5374697541368985,0.014804777390277033
1965,0.038636364783782184,0.07260500006949888,0.12244995993973484,3.550274889244366,0.02122196210064583
1966,0.04020339593502875,0.025078319630539525,-0.11756163611327353,3.366801341267125,0.025349482587183364
1967,0.01804992066479727,-0.003522005890126634,0.2469991499341555,3.5607352245586346,0.012897379442612083
1968,0.0356937193532314,0.005415228291093754,0.09109805075851529,3.613640419273725,0.02160396157142784
1969,0.0240499061672228,-0.020596544391294547,-0.160631799889702,3.4286722229625393,0.024876430869958555
1970,0.017368656257565007,-0.09440195410757513,-0.05165635099151955,3.4346469937037596,0.023077735590107798
1971,0.012482707110212488,-0.041134858529929375,0.1247372429867708,3.5637764139142574,0.003211278753174847
1972,0.03580144645080274,-0.014845393311354593,0.13468318192948758,3.678337543535259,0.00942203919491208
1973,0.026427803399622363,-0.0546261327258577,-0.2525260830454925,3.411553861350897,0.03308736086481215
1974,-0.01482555603760538,-0.03514555335997782,-0.3584963888347029,2.9584961614321346,0.015074857720723409
1975,0.011499271960884627,-0.044245716544899505,0.28418078346689657,3.2116948419927542,-0.01851269446360263
1976,0.03475905816234537,0.06304013346710913,0.20945943072291806,3.2997853814491456,0.001326063091423732
1977,0.02054257426486661,0.07531180230623846,-0.09079563702503635,3.083715327927416,0.010971261934118081
1978,0.029172009365907137,0.022064633881143214,-0.004484091836188475,3.0075352266811923,0.01653364880500717
1979,0.016520346734362867,-0.001387411796845095,0.09801836481327841,3.051958170734829,0.030438230761201265
1980,-0.005084641094644127,-0.0152066437798839,0.18413247372830943,3.189216487507393,0.023236414570076747
1981,0.0038695083198403424,-0.008025556163790304,-0.11843935872956735,3.024597827946093,0.05941910178610728
1982,0.005468359444545712,0.010464671277070847,0.16016436307430193,3.110039339001024,0.052490204245470455
1983,0.03134789506152824,-0.0071299963572966085,0.1811963960578633,3.24408959489378,0.04889378191392836
1984,0.03044821888401561,0.005320802147717574,-0.007491106146292115,3.188563014685133,0.06338286405157036
1985,0.03031618544332204,0.02688952120739141,0.26608828293733144,3.359212926676129,0.041461647659302006
1986,0.023751442370041786,0.06676446705318884,0.1431837395179636,3.3930666886957295,0.02766075121832016
1987,0.02094843713781991,0.03606500956994951,-0.024819121275078904,3.300059469832453,0.04168632902012327
1988,0.025491576002067973,0.1259066760728944,0.12579172331133925,3.2529687398927885,0.025095716540659674
1989,0.019446437997921784,0.0031163807201268767,0.22719068748342908,3.4196757888624414,0.04298243512343888
1990,0.008770111956945215,-0.044584402585304606,-0.11481738803377395,3.3064838008416695,0.036793799390578225
1991,-0.007205128846559994,-0.05126807474849926,0.2965096557200817,3.586975414092564,0.011921839127901734
1992,0.015832154154647782,-0.03246983700485795,0.05992616461317457,3.6502570557682668,0.008266364341333692
1993,0.014769363326297302,-0.003969749217597629,0.0859400539911035,3.7113603867523604,0.003781309361970908
1994,0.022113804607398535,0.004354998006798283,-0.0331063917230201,3.6475614877688822,0.01303799030696733
1995,0.014831008270816959,0.04389564929634515,0.3228210543851704,3.8598375842093167,0.028546338149351178
1996,0.016845639558638048,0.010812120278373749,0.17276483537164866,3.9883106087407114,0.02350238905632064
1997,0.018185464085181735,0.027730696487366258,0.28180622534936184,4.192098141647981,0.01992503564112857
1998,0.028823141379975326,0.02377458905341756,0.20310765052310065,4.3387508168004345,0.027369614432530578
1999,0.03290651566468039,0.04631392548112179,0.2198221712999977,4.478136739201405,0.024687043580175816
2000,0.028957342658209484,-0.09379883712059645,-0.14067549105842292,4.409221851465164,0.028792629994677972
2001,0.009398526227622384,-0.03803282552607379,-0.12635230450139823,4.298813203815189,0.011242088661385135
2002,0.008571229596954666,-0.005653196366737889,-0.226568124083543,4.031402352886226,-0.000817724964928955
2003,0.019096618409800037,0.10340631400983735,0.3068529786341865,4.177767090690507,-0.010424786625323666
2004,0.022056069951186252,0.22703462232228566,0.09408164586672196,4.021439252017732,-0.006575040654431778
2005,0.022949713407512284,-0.013905118818641204,0.037590004927672505,4.054123061742479,0.0003021799397357715
2006,0.018860683989736948,0.11951282788290185,0.13358145319514736,4.041207646478065,0.013978597650232273
2007,0.009899494799937791,0.09104678099269692,0.030570531971169546,3.9612916381884693,0.020959495444417657
2008,-0.008245446750787089,-0.004978010819452483,-0.383028701231361,3.4597789041164444,-0.012691707846700165
2009,-0.019111534625064763,-0.2106438555516278,0.2786455134093022,3.891511327501464,-0.005685985528353876
2010,0.006669341221863689,0.051397749816657345,0.15970336435897892,3.9670505201216253,-0.02086193171051255
2011,0.0038334562386372895,0.06728859367977924,-0.03955862646222674,3.8386135903924368,-0.014408171915097655
2012,-0.0006092092068836763,0.22222283456679492,0.1380663742560453,3.7208868763495695,-0.02245771589440518
2013,0.007931238874812507,0.0022061677388560685,0.2850467374817933,3.9480559593274887,-0.015858164727947176
2014,0.017064707202087526,0.11063137020226521,0.09665861513655871,3.9089468894089356,-0.014935961282051366
2015,0.023100569598964782,0.05880297716512961,-0.02380151495596794,3.804398135949376,-0.01058978554877608
