date,dc,dd,rm,log_pd,rf
1948-03-31,0.0018059829553163098,-0.13638181753834644,0.08262799999999992,4.68269760836379,-0.008090550048578279
1948-06-30,0.007789051937796998,0.0425078706662374,0.08350540440227516,4.707617943292448,0.00010760856699401156
1948-09-30,-0.006409994769324356,0.058699720875276196,-0.08958647207144466,4.5413739069816055,-0.01247259596206644
1948-12-31,0.00727251403682061,0.20237633467027782,-0.04762877925790465,4.270271308481396,-0.008188673325004362
1949-03-31,0.00036607890491424655,0.15776602417303742,0.027279319068488794,4.123864223911049,0.007281460215985161
1949-06-30,-0.00042560112643030834,-0.026339003906618697,-0.029834978915302512,4.106085533694237,0.005945865484733376
1949-09-30,-0.010684593379837182,-0.004296186339129093,0.11961333197497703,4.209320927969804,-0.0012727017304711879
1949-12-31,0.006972933551544713,-0.03820541597077298,0.054678736647624904,4.285191809534663,0.00028155261836911526
1950-03-31,0.008515090954562154,0.011145174210503761,0.0558618635584458,4.31433177820878,0.005814383336937932
1950-06-30,0.012761805720119312,0.010215893695448397,-0.025189902068339265,4.266445152276004,0.0004080679905382565
1950-09-30,0.012181226396512201,0.06657233455288125,0.09286559398814354,4.272253822740086,-0.0036053558342066232
1950-12-31,-0.016682550032459886,0.06477544654807144,0.01545401218159026,4.204615069807971,-0.01023588620807259
1951-03-31,0.017229602811243083,-0.08647698696961381,0.031057332633074308,4.313230421911372,-0.010089355988525719
1951-06-30,-0.010873288101015177,0.03962263816272049,-0.006306366116771822,4.2536507322088655,-0.013148991286259695
1951-09-30,0.013129543443740843,-0.030362040529257506,0.12081168101736961,4.385137456005335,-0.00013342985652773612
1951-12-31,0.003587873992680457,-2.2681794924039878e-05,0.0017894945863827783,4.369891763430612,-0.002119327923544954
1952-03-31,-0.00473771994457195,0.09670047280885141,0.04528630129798583,4.304556551925792,-0.005252632550706353
1952-06-30,0.016252420912946874,0.0022737094916753797,0.012769940908108124,4.302072454350741,0.00475595773286186
1952-09-30,0.01151496045694067,-0.003727054111598349,-0.020916922178152664,4.272023749295271,-0.0015139690291174112
1952-12-31,0.009781944343931315,-0.014080246084831494,0.0864578832202545,4.3537396934554335,-0.0008891794678521183
1953-03-31,0.0038068812938316654,-0.0013186126756581373,-0.01313561222027404,4.329543938421604,0.002271289512294425
1953-06-30,0.0035048871362342027,-0.001356211420530773,-0.044639898247004095,4.272300492003501,0.004208325042724888
1953-09-30,-0.008175302521047811,0.0014344319014125695,-0.020207168629251093,4.236939229696291,-0.0005377341116841166
1953-12-31,-0.006533017677922359,0.01572943052818543,0.07810891561414945,4.279738475493761,1.7315710244861574e-05
1954-03-31,0.005223179967096314,0.002902984999983982,0.11123650357149484,4.370154444812318,0.0010135735432781812
1954-06-30,0.000576136548014361,0.009271645895460257,0.08867567780503482,4.434484493573096,0.0004290955919862944
1954-09-30,0.0096522374841026,0.012877693594687045,0.0965783859844167,4.502791940772715,-0.0004864246822842565
1954-12-31,0.010100756967785784,0.03272509791984746,0.14283237583575814,4.590106638246778,0.0018022381395541472
1955-03-31,0.00662418020521649,0.019326236666113772,0.03737318428534131,4.597923908949596,0.002179812166616813
1955-06-30,0.010204135643174794,0.019999657126095194,0.11384223048615039,4.676480733685039,0.0012886329145474758
1955-09-30,0.003450148661414687,0.025801331163408214,0.01439331586196424,4.655797394542145,0.0009993002897362312
1955-12-31,0.015111211308926897,0.05014717376251232,0.06490119063796929,4.655747944411211,-0.0010252653852526102
1956-03-31,0.006466322783484912,0.02567577297401291,0.07954247767446088,4.697589801470707,0.004699465896055315
1956-06-30,-0.002062162607700202,0.02959393817961864,-0.022820027607419968,4.635508385358037,0.0031609033090172463
1956-09-30,-0.000313627299689756,0.01646636244420341,-0.03859182270931871,4.570543045531492,-0.0034323237390920516
1956-12-31,0.004873807737475033,-0.01824258206451379,0.04092538847200666,4.6169420499247416,0.000803647478961968
1957-03-31,0.0007767642848985901,0.014162817811472994,-0.03475859815884563,4.557235657343667,0.0020951226104932007
1957-06-30,0.0014869718848622426,-0.06897678383631645,0.07529421674326864,4.692150655971904,0.0004973699905329674
1957-09-30,0.006829151447432125,0.006518698636476472,-0.10624664763069636,4.563304129902287,0.0007571298801128563
1957-12-31,-0.004528353496851878,-0.017373457004378423,-0.05627323408272933,4.50997564915743,0.0031722145383847613
1958-03-31,-0.009865444879675778,-0.00770714725464039,0.053723679645150346,4.559189440682632,0.002472836282321909
1958-06-30,0.007269062854961206,0.063477932960049,0.08412463745112753,4.566557736754277,-0.0058763989943613985
1958-09-30,0.012123525899490062,-0.013249091379221145,0.11672376200055146,4.681263490951021,-0.0020472128269687665
1958-12-31,0.00643012721753955,-0.025350040462907675,0.11483914826894392,4.806218796662372,0.004457636479416717
1959-03-31,0.008389756526675285,-0.002537244497557989,0.02520677162196172,4.82574590237932,0.003713197775494361
1959-06-30,0.006934120184947545,0.005886913329678833,0.05122242223342233,4.862126687407645,0.003979766599268761
1959-09-30,0.003224372199523984,0.008100192931714378,-0.03011869058797445,4.815784740891719,0.0008925912403354146
1959-12-31,0.004005682421663437,0.021589105464475455,0.05899733280851294,4.8424998763145775,0.005118580934761896
1960-03-31,-0.0008735967045865323,0.011029885622831692,-0.06492542486759001,4.7559731060175565,0.007084191318061154
1960-06-30,0.00490717425447329,0.007779220231669104,0.035571315587054286,4.774758941982203,0.0060946029501904204
1960-09-30,-0.009055608725851982,0.005944665771450808,-0.05040950593346982,4.708809993117318,0.0002725765051332257
1960-12-31,0.0002230284190893883,-0.011474688690406687,0.08653494413334228,4.794142796080443,0.0034885016602282156
1961-03-31,0.004065652153425248,-0.0013947315217759382,0.1370962774344937,4.916692337739544,-0.00025636894992722443
1961-06-30,0.009905305616850768,-0.0011437369172364598,0.0022831759237165183,4.913049801388775,0.003272130356888778
1961-09-30,-0.002496581757979399,0.0003497934204501618,0.029131268201662674,4.934522120437887,0.002955807478076838
1961-12-31,0.010828923025748338,0.023727479815489172,0.07479000055077312,4.975058194375377,-0.0006047245542918664
1962-03-31,0.005122982929707476,0.007737947651851318,-0.0247098704930393,4.93528774181765,0.003491133274019894
1962-06-30,0.004812900634759032,0.006525239110255487,-0.21683253922001122,4.676011775066363,0.002079600820691723
1962-09-30,0.004162485201675281,0.004396852066225421,0.029901610473227702,4.692716262905071,0.002296978328799941
1962-12-31,0.004262207450718591,0.020791713197600092,0.1257665751058048,4.78032606661993,0.001314800356739977
1963-03-31,0.0017855138167099938,0.00045594895909850663,0.0582042523463977,4.828712307585686,0.003753223639993604
1963-06-30,0.003054548310322147,0.015555811075418369,0.046261757966920225,4.850731809213954,0.0020410704288482276
1963-09-30,0.008554745623049698,0.006338388871545586,0.03549683239040302,4.87213051534459,0.0032527001895810413
1963-12-31,0.0008504265256892296,0.021753145888814718,0.037038866786685,4.877433897160297,0.0037490483581308987
1964-03-31,0.013391027639308106,0.017349963194295714,0.06184288992379505,4.912928561096203,0.0021899403923776825
1964-06-30,0.01373473416831672,0.017497598119650792,0.03465692154489464,4.9221259620626165,0.005195360756620758
1964-09-30,0.013244327032968073,0.020341192129371244,0.03510854535070851,4.929312100261326,0.003822867870558242
1964-12-31,0.003153163364659761,0.014253724549030178,0.012953003887063552,4.919290681407862,0.0035650793909604477
1965-03-31,0.007546174740804545,0.018578398762665316,0.03288549908398708,4.926098997457347,0.004357428079318333
1965-06-30,0.00901154985967878,0.020799748964162923,-0.03471780736119068,4.862474693112439,0.004771764071629042
1965-09-30,0.010979384623666988,0.013819493253983683,0.08165142654180424,4.920104284557354,0.0007820624470056383
1965-12-31,0.02526012914423248,0.02117334928079284,0.04081414694940633,4.930329826323224,0.0059306964967634854
1966-03-31,0.005999432597693755,0.015746448118802547,-0.026705935565940697,4.880327878994624,0.004673457640912601
1966-06-30,0.0073741874226218584,0.01134227531782983,-0.04785149946931855,4.811992087727127,0.0031644983279469274
1966-09-30,0.004516331468893853,0.012955265735235422,-0.10188877382546979,4.683075016246643,0.0028142310290699014
1966-12-31,-0.0003217320673556401,-0.009917635564901328,0.060243193454670996,4.741808244369555,0.0059889330669250515
1967-03-31,0.007858224157699212,0.005004754509326137,0.14207012454074786,4.861929994436821,0.005236196578422935
1967-06-30,0.005891687586373706,-0.004587085342311781,0.01711565101260515,4.875952121640864,0.004730304355908247
1967-09-30,0.0021725214086654177,0.0038767096046963267,0.06880265647557904,4.931546696540536,0.0017553779530677296
1967-12-31,0.003269873943674284,-0.00590741133816719,0.00439727270533119,4.933833154337394,0.003729526599138805
1968-03-31,0.015814097763673374,-3.5169702465864816e-06,-0.07440713259835763,4.848937394892893,0.004049144149933919
1968-06-30,0.011249267496220128,0.009559293286421244,0.12415005157092796,4.94919828391156,0.003711463245836744
1968-09-30,0.011801316810782225,-0.0368589689301686,0.05042002240577248,5.029580223388756,0.00410467225228407
1968-12-31,0.001925611683409656,0.007056414076166195,0.02077096256497013,5.0358337865741545,0.002699731984765228
1969-03-31,0.007988056920130049,0.0002018683583058234,-0.04729064175257103,4.980271363794806,0.005888826030511533
1969-06-30,0.004091727511811527,0.01601072395852654,-0.05677916782526926,4.898176647927447,0.002540392788139542
1969-09-30,0.0027197463686459145,0.038260290433336674,-0.05244719393303188,4.798402748234024,0.005198765008735386
1969-12-31,0.0060910693906759406,-0.01712409318011021,-0.01423073265133279,4.792920256301615,0.005801988865724682
1970-03-31,0.006987794572799189,-0.009336228755671083,-0.038343056857804036,4.755147395661132,0.007974058700630142
1970-06-30,-0.0008822033410709196,-0.04024242599501582,-0.2178168742424118,4.540102193319262,0.006767556736320181
1970-09-30,0.005477597850791938,-0.018144311311300232,0.16999931321899187,4.706295954428427,0.004555713532599015
1970-12-31,0.005413052394485973,-0.028732555303520257,0.07758495484409078,4.800948594300769,0.006509388234591817
1971-03-31,0.002197853065222688,-0.014416255593723282,0.11178847593630414,4.913973239297745,0.0012070619166273657
1971-06-30,0.002665953342468441,-0.010658907722745692,-0.015827281740061427,4.901448311310585,0.0017062379666032282
1971-09-30,-0.00028809567864485075,-0.011581471964725587,-0.009687936422423826,4.8960748300673895,0.0023500765772037826
1971-12-31,0.007420649503380616,-0.012762664146107827,0.037971708683813166,4.9383624554086385,0.006185573400545765
1972-03-31,0.006629606406315602,-0.010379206553551956,0.062183519720388825,5.002463932581437,0.0019171851692452299
1972-06-30,0.018023683802445234,-0.003693962524675687,-0.00652494569503248,4.9929306996062675,0.002644535407006142
1972-09-30,0.010996315044634386,-0.007862168838958183,0.013317508761049979,5.007560216812358,0.0028622200538244366
1972-12-31,0.01563666638523742,0.008737594293202644,0.06113965774875996,5.051275935342268,0.002571304832885233
1973-03-31,0.006717890679221128,-0.014041098302469024,-0.09510119306249354,4.958946929048327,0.003727078338917043
1973-06-30,-0.0034440615734716573,-0.014166163029607493,-0.10152376725868528,4.858617018167985,0.0016576120723594979
1973-09-30,0.003014805385539887,-0.011106806397770175,0.056545319357714785,4.9175019703495515,0.005809237691777387
1973-12-31,-0.0030979872647254325,0.0024016757265710176,-0.12983561647495934,4.766778512435324,0.002431776124748127
1974-03-31,-0.010487780877756592,-0.0017662711703989586,-0.04996660514575879,4.708906891062871,0.0016298494913621325
1974-06-30,-0.0015061526581501283,-0.000784446863062449,-0.12866950620912976,4.56202462078535,0.0006252293669241193
1974-09-30,0.0009736643593338812,-0.0002757574959511011,-0.2694846666535191,4.23595421382295,0.004386889413521557
1974-12-31,-0.008038017675934483,-0.02347836551169724,0.06083535335186996,4.304880100197694,-0.002219078894630874
1975-03-31,0.003197600075965923,-0.0058488412879116325,0.22568836930141534,4.503369791725053,0.0011931383096635863
1975-06-30,0.015015018774052535,-0.015805922767059055,0.14170209720047788,4.642007360574734,0.001905588948096843
1975-09-30,0.004546415908830426,-0.014221063116421462,-0.13387832073949213,4.502314366078437,0.0026989869218411316
1975-12-31,0.0024858588437002282,-0.022691454685678458,0.05953277071537588,4.572400346070485,0.0035627092600272383
1976-03-31,0.014092953223970639,-0.0050691989465323495,0.15660234919694505,4.713909976596474,0.0015003812252241478
1976-06-30,0.009258628987014461,0.008670308756952405,0.007919957545483358,4.703539481375225,0.005033175336092648
1976-09-30,0.007027359232838037,0.014152296105490958,0.0025453517112667967,4.682387669937373,0.0020595854158356386
1976-12-31,0.009225776362679738,0.037465787402665374,0.03484942533381674,4.668311825675409,0.0025128773201342656
1977-03-31,0.0028009601798721917,0.022977683376428804,-0.0810790676048685,4.550329221634734,0.002623634640007896
1977-06-30,-0.0007997675796627135,0.022319506302975523,0.024704967460172478,4.541158434278503,-0.002633014545734204
1977-09-30,0.004714592793723327,0.013685276479404873,-0.0359191760977976,4.479880532667504,-0.0009067212086329036
1977-12-31,0.013072512997288399,0.01690222836620192,0.001546414173783539,4.451668879934907,0.005073956032823201
1978-03-31,0.006995268687650658,0.012227764219956416,-0.0522382484247349,4.373091331134281,0.005727199046153144
1978-06-30,0.008438504846997041,0.011212609453221223,0.06608720301731363,4.4137366804734155,0.001538906760497026
1978-09-30,0.004538103150909301,0.006487589224906998,0.0722579413880109,4.46604488371125,-0.0012699232438063875
1978-12-31,0.006463194121940852,0.003075802979842557,-0.0811237540531915,4.3645496466918985,0.0051718784268079705
1979-03-31,0.0045847835521311,0.006251771118062521,0.05597760782561756,4.400182480420706,0.008275816742924368
1979-06-30,-0.0008644861940236837,0.006232784507928635,0.0053203482318080475,4.386261184793435,0.003964801189373679
1979-09-30,0.005008984027353058,0.002813338728633319,0.04893494415988764,4.419678199035235,-0.001046886988133329
1979-12-31,0.0035733885230380125,-0.0016285048917574763,-0.013943345760487058,4.393915789485823,0.007066438814254341
1980-03-31,-0.002312551723908207,0.000861155127533042,-0.10138096839255895,4.273768454595357,0.006728176082117482
1980-06-30,-0.013084194479318967,-0.011859951206629304,0.12130445365244746,4.387560475296652,0.010595339290115417
1980-09-30,0.0009460247494503804,0.0013049569043439568,0.10980780417581948,4.47922878769628,-0.0021198044376420314
1980-12-31,0.006402277160540315,-0.014085795650451871,0.05889612173822956,4.539747097303708,0.01505238435230629
1981-03-31,3.352681767765375e-05,-0.00399853730666333,-0.00514980734432835,4.5274940990342065,0.016164415365359598
1981-06-30,0.003263520422449595,-0.0019682557717755067,-0.03139871810851691,4.486538863592004,0.012276813916452653
1981-09-30,-0.0014639385172783292,-0.0059291335250781785,-0.1436884891889929,4.325307779846463,0.018593393207665457
1981-12-31,0.00042726702344264567,-0.005577595268651869,0.068360154681391,4.384576403450787,0.016019578137915626
1982-03-31,0.0012811347301422416,-0.0005272425324163166,-0.09026369112874189,4.276800061919794,0.01624244995143577
1982-06-30,-0.0005483800587580134,-0.0037544184822606574,-0.035560344282316136,4.230353324126184,0.02232233749415483
1982-09-30,0.0032973912018086082,0.0009445832113841313,0.10378220719948628,4.314691533213856,0.01719101975794514
1982-12-31,0.01011797364249123,-0.0038694028736694364,0.19796890184147653,4.48768906645975,0.00988704306890711
1983-03-31,0.005870454934726155,0.003245177175333236,0.10668796679476866,4.574996841108152,0.01461594108237697
1983-06-30,0.01048929392109521,-0.003760270322905601,0.1117194175406202,4.675334533399909,0.01364211361367447
1983-09-30,0.01243244608800076,-0.00261530597748294,-0.024309523701019242,4.643857203932529,0.010037330582681699
1983-12-31,0.008906576119910525,0.002043168996552769,-0.01601230314964397,4.615696556123712,0.010064257026880675
1984-03-31,0.0015109752569335555,-0.012403344695578689,-0.05083405421608811,4.565650353583657,0.012659034873351231
1984-06-30,0.013178287330666727,0.008680161038850276,-0.038058590695544625,4.5069333580412,0.012596894166918938
1984-09-30,0.0037764709489556125,-0.002416649040679175,0.0765062170785551,4.572866507659314,0.014168552754022797
1984-12-31,0.006770790097739621,0.007706927071373659,0.009780770724863608,4.563923683688817,0.01505965025195111
1985-03-31,0.00979657766576203,0.009810998814274274,0.09069276608332988,4.6311371232798395,0.012415523251614798
1985-06-30,0.006317461140156411,0.0012655610801548534,0.05962099587896108,4.678276864528582,0.011148542271518751
1985-09-30,0.008055935206534137,0.014327104787028144,-0.05066786172081461,4.60227978000488,0.0077553610139510796
1985-12-31,0.005953541418763031,0.003329631800447874,0.1539654823198211,4.732729820405298,0.010127721601878989
1986-03-31,0.006617606495848527,0.006457887157843345,0.1467559989050955,4.854976625163988,0.008374392093942067
1986-06-30,0.005412694812107155,0.01393387820381653,0.050824473670885384,4.882735741795416,0.01313583793519408
1986-09-30,0.0025550503328686247,0.002791877767191142,-0.08274153003063789,4.785736318914855,0.007544105216069806
1986-12-31,0.0070305886791866,0.03740342637167515,0.0342442334951194,4.772760979977562,0.0055976134196265214
1987-03-31,0.006332399987205584,0.003575190352642643,0.1931266544844732,4.938700187156815,0.008262925882909432
1987-06-30,0.00654755675060148,0.015371414598268629,0.01843275165693048,4.9340125378421,0.0035482104799481537
1987-09-30,0.0021946472060054845,0.02635655807408055,0.046822448249176585,4.946302624653852,0.003751981639641546
1987-12-31,0.0028409551189785276,-0.004272174941695628,-0.23335687633711943,4.674787782600939,0.007112483375334883
1988-03-31,0.010085789874546336,0.05009252463101754,0.07039576272127701,4.682813277608324,0.008208706985909739
1988-06-30,0.0062785059744303595,-0.0017710595318853883,0.0500822688032887,4.724769979725622,0.005372420972493756
1988-09-30,0.008131005167075323,0.023239462609209838,-0.0144414626636018,4.677207376235616,0.005561296894928018
1988-12-31,0.006919416992261063,0.05709401942467496,0.016267227329115785,4.624948781601152,0.005894190644876439
1989-03-31,0.003595862036868347,-0.0058607314388088305,0.055076839790657584,4.675228976818447,0.01165370112071154
1989-06-30,0.0004743174148362783,0.03535770249527603,0.06855503015109132,4.697157425449641,0.009732056002947149
1989-09-30,0.005559672750235833,0.011980710154259722,0.09148906910669519,4.764307594014507,0.007401584228404298
1989-12-31,0.0076329551127534145,-0.03901763231537059,-0.002732474097511095,4.792312162395575,0.011006320333471844
1990-03-31,-0.0004327814590050494,-0.011097564231598245,-0.05294029598771588,4.740685179276699,0.009041540206453438
1990-06-30,0.0033079980861376868,0.0014682387594890933,0.044045566102991485,4.773470369101741,0.004981900017530827
1990-09-30,0.0011864491464583793,-0.02769158531062965,-0.16686137183186345,4.609776827198016,0.009581004340781064
1990-12-31,-0.009863229474190938,-0.0018032591666035103,0.07453061003956107,4.6736599417388405,0.004217251830713049
1991-03-31,-0.003202719077624927,-0.008222670704021606,0.15105864119014778,4.814668704176714,0.007070826077215027
1991-06-30,0.004651300028572614,-0.02272588252081409,-0.009272830209398508,4.820178501909545,0.0060005720672585425
1991-09-30,-0.000579134766082845,-0.008437521704518502,0.053818425022963856,4.873749655328632,0.006481160545441083
1991-12-31,-0.004866375615117491,-0.020815559072875356,0.07884348975138988,4.963085114243466,0.005446865181560467
1992-03-31,0.012567141246422331,-0.008599089548217087,-0.02176029174575589,4.942913771043954,0.003301687492636165
1992-06-30,0.002621874021614623,-0.012670724685714507,-0.006101680281412558,4.942394093014311,0.0019486803628400336
1992-09-30,0.004545010644622316,-0.006349613685511901,0.022877263306100737,4.964516141488453,0.0030583652045929866
1992-12-31,0.007064155781352888,-0.0063946831150887284,0.06577331947722875,5.027911029948841,0.0005011617884242989
1993-03-31,-0.0005510436211704217,0.0004088142882756607,0.03129821379857489,5.051896956725649,0.002394144309059214
1993-06-30,0.003445794888702558,-0.002305597516730984,0.0032415840252455475,5.050923818272528,-0.001274998009612006
1993-09-30,0.007274233242473116,-0.0014172875975697607,0.03444066096996656,5.0800456273961725,0.0019660751249169733
1993-12-31,0.003500757772084029,-0.0018332405698280319,0.01463649248640797,5.090191923111191,0.002242165910931894
1994-03-31,0.008076437607070552,-0.003293464676348279,-0.0487510495780884,5.037349052372289,0.00182460033295067
1994-06-30,0.004556215840032962,0.001213335175146657,-0.014593586125839164,5.014789630144173,0.0014373036408426238
1994-09-30,0.004392067893022933,-0.003862037083950387,0.04498335984907875,5.056475726244106,0.004388733344874409
1994-12-31,0.005208641520615842,0.010253166964807381,-0.012903211055768304,5.026437021754855,0.003995633700915149
1995-03-31,0.002535338509677132,0.0009359166485398696,0.07728172811085532,5.0937729096701885,0.008757969643016688
1995-06-30,0.0045401275675605035,0.0027323891434432035,0.08489192292026226,5.166539406629358,0.004738450675168809
1995-09-30,0.002186046361700278,0.030956115681570306,0.08353580599368171,5.209899444127023,0.0057566930831357355
1995-12-31,0.002276404382367758,0.007269646981598932,0.044580854414565385,5.240714699036483,0.007237125907313595
1996-03-31,0.005668929861261773,0.009525993094919194,0.041346570539581684,5.266646461507769,0.00686939610848259
1996-06-30,0.006409584759818898,0.004982805588627404,0.03781079347514682,5.293816989880959,0.0017402888448915937
1996-09-30,0.0030124353057461306,-0.008599213177975074,0.02140122421689794,5.318446436101246,0.006125500046074478
1996-12-31,0.003640142686049508,0.008182197272858627,0.06243186336875506,5.365908061067821,0.004979333304850926
1997-03-31,0.004761205228664522,0.004701016019053927,-0.003699676996331114,5.352999308858356,0.005557145407455787
1997-06-30,0.0011108688269603206,0.001134134055120306,0.16415053204860697,5.499626792598759,0.004827683174383018
1997-09-30,0.010569097871514721,0.008419913945898472,0.09197121968884692,5.575237500004933,0.007776609541801618
1997-12-31,0.005808017115096931,0.008295511631516206,0.012072844631676904,5.574875714810867,0.00578723631517152
1998-03-31,0.006744620206561969,0.004317218520854205,0.12720588683351775,5.6868263784212525,0.007999131692582673
1998-06-30,0.009733449302483876,0.014972230249288732,0.01121997803150454,5.67951186812732,0.005769775395812473
1998-09-30,0.0064227480167824424,0.007416373918395891,-0.1282450892106961,5.530866318637408,0.006591142761608704
1998-12-31,0.006550421847374643,-0.002123690202528117,0.21076873147012276,5.720720846530728,0.005162377080807567
1999-03-31,0.011212362543698617,0.010729906360187336,0.029840154630917937,5.736162022723059,0.005683535530953306
1999-06-30,0.007265071351278074,0.034979738129190086,0.07157723875900657,5.766771714842221,0.003956109876690051
1999-09-30,0.004538131220224173,0.005740507240994397,-0.07169263605430631,5.683343716050594,0.004651121681684986
1999-12-31,0.013649662388438344,-0.0007927231632143261,0.19072487249010317,5.855763265845663,0.0033694814889552154
2000-03-31,0.0006032160327746894,-0.008339202431389303,0.026267891310869818,5.887359529524806,0.007336801151406496
2000-06-30,0.013152957028731649,-0.04452286335489264,-0.05600976105400057,5.871438821888672,0.002319865057073999
2000-09-30,0.005090916427849201,-0.026536081437788628,-0.005638116125362802,5.889707127644113,0.006418885928780011
2000-12-31,0.006486060057580012,-0.016203323921714308,-0.10795967953310814,5.7886510121346095,0.007022585873439062
2001-03-31,-0.0031078617287763066,-0.025325051590639802,-0.1402935017529009,5.659805917463116,0.009217278800230093
2001-06-30,0.0007868919516713646,-0.022854205972676844,0.06512941793979077,5.742675809223689,0.0011631887581317257
2001-09-30,0.00040498002850686277,0.004999704098136437,-0.16211233576525486,5.55711025590511,0.0019122260714872488
2001-12-31,0.004289414115283385,-0.005104201015839305,0.13867018696115685,5.6884932934395795,0.002193943103049337
2002-03-31,0.0021493146715698686,-0.0030827079795505696,-0.006003411017216687,5.682259242773802,0.005315307597643888
2002-06-30,0.001285680321313265,0.008379108063895746,-0.13103143979695453,5.529663890872218,-0.0034311966384932766
2002-09-30,0.00034309918878960843,-0.012536197702585739,-0.1714565533196165,5.349662782801797,-0.001015165467501125
2002-12-31,0.006688521834709249,0.008869556022794267,0.08073153121474319,5.413799487739325,-0.00129848037032082
2003-03-31,0.004212805078795512,0.00456160906808023,-0.045983644794025946,5.3576619246518495,0.0008977157377486112
2003-06-30,0.004694586296307257,0.026256302884249294,0.17356403169407741,5.486864757991912,-0.007362155263009959
2003-09-30,0.009973737125676507,0.02303221456498017,0.03050668485470287,5.48961890260264,0.0013600079165766487
2003-12-31,0.003341590283112872,0.045318870154126945,0.13269584688275105,5.564401542882007,-0.0035318527208290443
2004-03-31,0.005993949455072922,0.03325806793880037,0.010747972591936827,5.538032000341025,0.002302137197670413
2004-06-30,0.0030920552009492397,0.04006285556513278,-0.0015655123002028537,5.491829895121369,-0.007413558622808301
2004-09-30,0.006318862715037454,0.01761115461005458,-0.01614394097373839,5.453734976465089,-0.004660858928376269
2004-12-31,0.007650862431227701,0.140719090174394,0.10193433431258336,5.403457158243136,0.001364033973470933
2005-03-31,0.005385145393991486,0.0334313111622806,-0.03643137710480482,5.328576099533107,0.001524799553584268
2005-06-30,0.006314456999285234,0.019123871516305346,0.017193866467219543,5.321733794596483,-0.003312784996037061
2005-09-30,0.003110351524896693,0.015661017545974598,0.025281632096697315,5.326892495373194,0.0017898463969131455
2005-12-31,0.0064534310499126946,-0.08144838857057923,0.03251464486956879,5.43546803749526,-0.004656960338713944
2006-03-31,0.00574182696711123,0.02409735957133652,0.042407261131490515,5.4484808660522415,0.01051632919712205
2006-06-30,0.0023325791767438986,0.03158063484559115,-0.03382260067946574,5.377498049831505,0.00021221895817629712
2006-09-30,0.0028343990081811654,0.022545922765283333,0.042955489871094876,5.392648925667036,0.0012621998305876493
2006-12-31,0.00794201595675581,0.035983279450270356,0.07917693581820151,5.427858253481267,0.00753788613794309
2007-03-31,0.002326723254050478,0.01572809511914519,0.00043037991524697006,5.408165301188561,0.010133041861392637
2007-06-30,-0.0019305456329945514,0.03188285762025078,0.049207290743903176,5.4194167128321284,9.052058367457587e-05
2007-09-30,0.002405883792754082,0.029333024502805394,0.01858577265489969,5.404074324016747,0.0021266743209729924
2007-12-31,-0.00046054849577270573,0.02333107242342969,-0.036100082299787895,5.338713976518738,0.00592693679767483
2008-03-31,-0.0027852756739159545,0.006448699531203417,-0.10696441515516775,5.214213647893905,0.0018579442209376638
2008-06-30,0.0010495305203086502,-0.005984526142454705,-0.03214662831144177,5.182032427865448,-0.006708610519730809
2008-09-30,-0.010141663415365265,-0.007503935206508494,-0.10066506922350071,5.078117797991732,-0.008483913820907704
2008-12-31,-0.00621973585159985,-0.030712133326979973,-0.20628394096739167,4.869975126772,4.178472611039309e-05
2009-03-31,-0.004222717988060509,-0.014143148593717125,-0.10827471109896525,4.761463505921522,0.01592258511174399
2009-06-30,-0.007181373448942985,-0.069682349509812,0.1648058518970874,4.97761022425228,-0.00650931629072397
2009-09-30,8.916144717385777e-05,-0.05515907221452565,0.16478677567945432,5.180331238940353,-0.007431668635708878
2009-12-31,-0.00026448374880949643,-0.04345184610649966,0.056863990330030534,5.273500111029947,-0.0021050677581033596
2010-03-31,0.0031453910999106327,-0.04514287757583002,0.051434301808582106,5.364144124766147,-0.0015938122152796075
2010-06-30,0.004222892165960168,0.007553369283734845,-0.10987520092600822,5.235001367644337,-0.0049650031153796554
2010-09-30,0.0032282176954883113,0.04339194956687775,0.11595895799223377,5.2957894561768395,-0.0021858532769274564
2010-12-31,0.002708925362936654,0.04491526594947093,0.11036471496102718,5.349719346242512,-0.0023980363373963774
2011-03-31,0.0014740383025770853,0.020984733508218056,0.041213758818982704,5.364744537569017,-0.0029026220298976856
2011-06-30,-0.0011522440747109286,0.030904889494637544,-0.015394073451693413,5.3134029196585635,-0.01013952782524915
2011-09-30,-0.0015833321517018106,0.0017371408200972382,-0.1615077156857576,5.130226956545622,-0.006105501676093085
2011-12-31,-0.002689596568631991,0.010863310843452378,0.1172990914999239,5.224080935526698,-0.004082474802658993
2012-03-31,0.004099557041969071,0.032911602180012434,0.10580720243220165,5.28663315800004,0.0006727555494121724
2012-06-30,-0.0009496019817261114,0.030948169829897676,-0.036922748340377565,5.212222547728628,-0.008777501195970806
2012-09-30,-0.001401297495201348,0.04324371306582986,0.055394391201760707,5.217217333123525,-0.001682786417300336
2012-12-31,-0.0008011146559434579,0.11278591370900903,0.012540191128698419,5.108687657265876,-0.005248075144021655
2013-03-31,0.006109880797469103,0.014905987251450092,0.08531820246716215,5.17061464392382,0.0018527651061880544
2013-06-30,0.0003744546931683246,0.031787585621134706,0.015610645793955324,5.148593658855888,-0.007669228712493835
2013-09-30,0.002719884972264275,0.01984876341023023,0.06111008489787961,5.18272479951403,-0.003020984636276883
2013-12-31,0.006800178415497626,-0.06415983324003482,0.09868741476570442,5.335680404939872,-0.002850679360122047
2014-03-31,0.000633153034669931,0.0361515492741713,0.005464066597510087,5.299985949137611,0.0004012707666483466
2014-06-30,0.005778017071020436,0.017221488821240083,0.041452361778713254,5.318116557724398,-0.00779866103247652
2014-09-30,0.006620022289240524,0.017396081448489475,-0.005605472866018313,5.290107385788708,-0.005496467384486626
2014-12-31,0.008816288350307566,0.03267508287675236,0.05319009438963174,5.303758502802931,-0.001191753928396366
2015-03-31,0.005766038556061837,0.02724594195330221,0.010881125277523163,5.282202911332134,0.004292025632516094
2015-06-30,0.0037426384050958106,0.013990800939293724,-0.010968534189815693,5.251922007369963,-0.004138157491991689
2015-09-30,0.005557873501138566,0.01396927694469241,-0.07803379464273241,5.151298947669298,-0.00633768328605388
2015-12-31,0.0016668110008657422,0.008809868741769034,0.05904138225734368,5.1939968379294434,-0.0003543899946393701
